depth,0.405302920223287,0.460490222463119,0.523191998881506,0.594431443580865,0.675371071944965,0.767331691056549,0.871813953185846,0.990522844068903,1.12539550558581,1.27863284686106,1.45273545962937,1.65054442394899,1.87528767014757,2.13063265355418,2.42074620158628,2.75036250980155,3.12486039650294,3.55035107657029,4.03377788684902,4.5830295904569,5.20706910895654,5.91607978309964,6.72163154888759,7.63686974067977,8.67672960231842,9.85818000675331,11.2005003612863,12.7255952170922,14.458351716948,16.4270457141524,18.6638031898573,21.2051244984133,24.0924799955869,27.3729867693626,31.1001775165092,35.3348741117632,40.1461801249002,45.6126084820091,51.8233626726204,58.8797924099703,66.897047498479,76.0059568969533,86.3551636408598,98.1135504622348,111.472995689522,126.651504399274,143.896765915183,163.490195707203,185.751527648192,211.044031566456,239.780441236423,272.429689542912,309.524560726237,351.670384580749,399.554914482394,453.959550439131,515.772090306696,586.001217249439,665.79295985874,756.449393532187,859.449888290528,976.475249763249,1109.43514728561,1260.49927669038,1432.13276632198,1627.13640404321,1848.69234167597,2100.41602270035,2386.41518059019,2711.35687054495,3080.54362847005
1.0,0.000693628668090541,0.225619857170386,0.851188764828126,1.68088249039136,2.3973388847313,2.7626663539812,2.7339820541238797,2.46037431958308,2.17808862447242,2.07353353952262,2.20635096432688,2.52996549760004,2.95269156129229,3.3725996986996605,3.7042590760295995,3.9092414213937796,3.98978410001277,3.97154579892238,3.8846949931119004,3.7533501939797005,3.58940781952735,3.40597044100846,3.21855334664331,3.0426072517183296,2.89292803849308,2.77831054179335,2.69854071531711,2.64459832992201,2.6021688779997394,2.55458398849654,2.48609523326595,2.38445431604849,2.24273938661414,2.0613861299802,1.84779539768245,1.6138394276748698,1.37258269315675,1.13616073098498,0.915213058023009,0.718923398141451,0.554202551251019,0.42430258641464,0.327576602192702,0.257043576723068,0.199674827636253,0.15012494853463,0.108030171256829,0.0581092109373695,0.0288646883836966,0.024518614496310896,0.0214095115286881,0.000431765311764328,0.0,0.0,0.0,0.0,0.0,0.0,0.0,0.0,0.0,0.0,0.0,0.0,0.0,0.0,0.0,0.0,0.0,0.0,0.0
2.0,0.00110201144969102,0.12068735798466398,0.545727652973629,1.15369506436777,1.7062041798873198,2.01446492853881,2.02917002845296,1.84805018861196,1.64156079970222,1.5510829395869303,1.62790830622564,1.84378583287556,2.13408572375371,2.42518643288121,2.65673447751175,2.80392038320197,2.87057192576907,2.87580397997719,2.84082325960967,2.78207688747114,2.70684373401196,2.62407854377071,2.54630192831148,2.48826774133128,2.46640460749579,2.49407017976554,2.57772204309301,2.71484433658802,2.89439343154934,3.09716400623199,3.29737944704795,3.4653872292815904,3.57159691076013,3.59195924293536,3.51202184922357,3.32878169407507,3.0505142860203294,2.6957244805229705,2.29138242506926,1.86964553214717,1.46270253957539,1.09739615133185,0.791172627033191,0.550365768042937,0.369436676612087,0.24208330394831498,0.16107905413197401,0.11606449721666,0.0817792711536545,0.0775381158615905,0.0771003253622951,0.0759211401248526,0.0697656952844739,0.0403623958954616,0.0294744787619455,0.000631949597931225,0.0,0.0,0.0,0.0,0.0,0.0,0.0,0.0,0.0,0.0,0.0,0.0,0.0,0.0,0.0
3.0,0.0015917038965009803,0.17096062076254603,0.720851686322805,1.4863584276712203,2.1677347836531804,2.5345841525870205,2.5348014629752704,2.3002850797244405,2.0506361881283803,1.9643497798792504,2.1035495573154006,2.4296984824484005,2.858924790334151,3.295075015028071,3.6562636089314906,3.9043191784207902,4.0387308167560505,4.080001209912531,4.051445364566851,3.9696978888895704,3.8400595772623802,3.670603939879971,3.4743193100190206,3.2674997724064503,3.0692203990272606,2.8954231420920604,2.7544211410104205,2.6452596796112604,2.5596424918708602,2.4839948221038806,2.4026481062778604,2.3011223754053103,2.1691689905876506,2.0038864624288606,1.8098424667915305,1.5965253744994101,1.3749041411714402,1.1554543131764101,0.9479371149889511,0.7615546259727212,0.6036847428603002,0.47785046759676203,0.3823913576644691,0.31025440178704405,0.24829408136740003,0.19086251956919403,0.13838125057753303,0.09229943363758751,0.03189818767560361,0.020370294235263504,0.00036521824122814905,0.0,0.0,0.0,0.0,0.0,0.0,0.0,0.0,0.0,0.0,0.0,0.0,0.0,0.0,0.0,0.0,0.0,0.0,0.0,0.0
4.0,0.0014075795717299695,0.19835262206029194,0.8166347091547318,1.6681404865115192,2.4197873686645397,2.816177180810599,2.8015102637389195,2.523153153638999,2.2234708750385295,2.0959358523154896,2.2021745847275995,2.4916225966868897,2.866007632756779,3.218292911794589,3.4629600711911293,3.5695044303489385,3.5560910024969985,3.467479998167749,3.348603819745049,3.2298192703368294,3.120867783941879,3.025281302330799,2.9428344589004993,2.8710201695422493,2.8087428394967695,2.754324077364609,2.7040002001082297,2.651970576421319,2.5920501800217592,2.5178943109826495,2.4232930102058794,2.302257859064789,2.1500412516651695,1.9659568646171997,1.7547691204543896,1.5262320578129498,1.2931340310183295,1.0692577279853297,0.8679683940692228,0.7009202986068598,0.5763182911467428,0.4971254744560929,0.45886352096936384,0.44852264681062987,0.4445024630557739,0.4329459997861519,0.4076861572978699,0.3674359616880069,0.3145226525115849,0.25467451028100596,0.19614305845465194,0.14722717481168499,0.11351889522783597,0.09700631090754067,0.09662154703983107,0.10888541248308098,0.12882936795290298,0.15083056941118395,0.17007119329525194,0.18372762286844094,0.19045093908913194,0.19012409484759493,0.18411737182158094,0.17432077672159094,0.16173268234801194,0.14620244306670296,0.12752972770461699,0.10590577578734398,0.08058220453505287,0.022913957334746292,0.0007182719192068508
5.0,0.0017967255245788097,0.19020700301596596,0.7578983577391318,1.5308852537835698,2.20953452756876,2.5683954764502297,2.5612775132168397,2.3242610023922996,2.0779437297400696,1.9987945801628595,2.1452065445588295,2.4747762431038693,2.9005180727390596,3.3238955651102295,3.6611799723059897,3.8734485450904397,3.9614776653233195,3.949335475697469,3.8657065296473796,3.7333881228251595,3.5634445739528195,3.3680606650583798,3.1618985880918093,2.9604048635771996,2.77994420551266,2.6328777838272996,2.5240902256364297,2.4502018731625794,2.4019468461307096,2.3661547072469697,2.3281206574968993,2.2736103586432197,2.1907999336959194,2.0731096005947998,1.9201468243146997,1.7366681495959295,1.5305987167795598,1.31181140933031,1.0917258294756098,0.8827321485648649,0.6964677914494449,0.5415316514164819,0.42106434818042693,0.33159432995345595,0.26232068355979293,0.20813686512148397,0.16780848092821998,0.13916011090274996,0.10397732970638199,0.09141048938011899,0.07959159317662548,0.06824038029843389,0.05812604900546129,0.050647777793348794,0.0475404355429845,0.049960608357414095,0.057774964443263785,0.06931187060336678,0.08188500428063608,0.09270924996359037,0.09958729623374059,0.101676489242053,0.09974796284276499,0.09520831101870418,0.0889097156015121,0.08089135783055688,0.07099826975306668,0.05863028231409349,0.026241905577596897,0.00045362656719305494,0.00011990227032280599
6.0,0.000980765640187269,0.283992134236218,0.9565066209726871,1.7955169629731,2.48800841065595,2.813561719953,2.74621475264336,2.44147592249574,2.1283653229814,1.9765570389265499,2.02890261696287,2.23220831822075,2.50419913679762,2.7667775110475,2.96439036982306,3.0837629144057503,3.1402158371665,3.15991264052891,3.16486851523518,3.16550117358921,3.1557972918142,3.12827179194077,3.0790783149572203,3.00909990037516,2.9259096896237704,2.83957306121795,2.7587506587494,2.68794956291862,2.62765470774533,2.5741790402088496,2.52034671023231,2.45649279211406,2.37214246991658,2.25915554085566,2.11354894029232,1.93584102027363,1.73064088849263,1.50651522863632,1.27586694146522,1.05414019569457,0.857258723949964,0.697661891280456,0.580378371323576,0.500939448748909,0.44476974895628,0.401684496763456,0.365907017692355,0.333623763520464,0.302281639471862,0.27144851884159,0.242313950860246,0.21577093312376397,0.19179007879878904,0.169849539270061,0.14942982441895,0.129873774247192,0.10993579919193101,0.0724009176456377,0.0611209870950944,0.0476853823289787,0.00100175969032534,0.0,0.0,0.0,0.0,0.0,0.0,0.0,0.0,0.0,0.0
7.0,0.00105089685511709,0.306547820438328,1.03973846316906,1.95315221608368,2.6973989804902705,3.02613383783592,2.9104342388987394,2.5247540828856,2.12657535939477,1.90804466304118,1.92060912890067,2.10943483185073,2.38779109290112,2.6724941282752,2.9021541171943,3.05949196265163,3.15895857348369,3.22743157001701,3.2859702720679,3.34196775416963,3.38567180040798,3.40637128008962,3.39701957557436,3.35554422636908,3.28670026607186,3.19773331304565,3.0946956689953797,2.98028824805439,2.85461728166287,2.7156473895475104,2.56019615481558,2.38472802714917,2.18690188057088,1.96834196207636,1.73545412174078,1.49813678903907,1.2673667317046,1.05352742698794,0.8658797537596709,0.712423972402168,0.598992229143178,0.527669921990466,0.494551822570107,0.48808786447583896,0.488295082345137,0.482771729301097,0.466037068133152,0.435610582411433,0.390521928829491,0.3324352209813529,0.2665301343665,0.199437473855781,0.120621228653969,0.0629377829324558,0.0421124180067428,0.028968771607457196,0.0224708607320423,0.0207185370497456,0.0211858373306436,0.021710626016386,0.020505897500593496,0.000447121096968317,0.0,0.0,0.0,0.0,0.0,0.0,0.0,0.0,0.0
8.0,0.000845400373373276,0.256357019717641,0.905968196839744,1.73910594439144,2.44137311959334,2.78564694406171,2.7403585031085,2.46083796625779,2.1821110669096,2.08296068701744,2.21265102570092,2.51579843470171,2.8964928645423,3.25399858726419,3.50870417161884,3.63132721620607,3.63517389828797,3.5572649157207805,3.4375973783639697,3.30647389179241,3.17690107898589,3.05707651868516,2.95243803250878,2.86561302000685,2.79892579364124,2.7518689610936193,2.71951811314664,2.69272104248152,2.66070755336822,2.61264046358505,2.5390867326323,2.43287514108578,2.28993502587821,2.1111137784939,1.90217527524373,1.6721200238012401,1.43125115181462,1.19050931568323,0.961614351918504,0.7567846599038152,0.586927623804906,0.459133080353392,0.37433681987698203,0.32595419385222596,0.298742986076993,0.282690188479563,0.272149057496326,0.263028137172706,0.252255718628343,0.238830262026321,0.223620946435418,0.207831705732768,0.192303019416556,0.177328074805634,0.16252714641792,0.146819536751802,0.129374669565313,0.110271588468156,0.0900125978310674,0.054230554993291505,0.024224311657656997,0.000484513728631934,0.0,0.0,0.0,0.0,0.0,0.0,0.0,0.0,0.0
9.0,0.0014659384685359001,0.200353587853551,0.758720962069335,1.50231699553515,2.14697471352202,2.48185720466559,2.46787333575676,2.23692508184494,1.99798654480754,1.91528468493423,2.03995478606699,2.32875388741571,2.69904206259799,3.0605315506742,3.33962218331396,3.5061195288192,3.5662313380323694,3.5463277964790105,3.4756803742035696,3.37638559172513,3.2570892772669904,3.1250409266080394,2.988353625557,2.85555074155316,2.73689978583382,2.64101883734494,2.57229827214463,2.52995820305366,2.50958393111246,2.50382309506141,2.5031814483696,2.49651862096854,2.47191799238936,2.41901889268395,2.33031199937875,2.20138447798502,2.03106951784532,1.82250325606506,1.5843041246919,1.3305771498341499,1.07859942115365,0.845103377191516,0.642513164012589,0.47612701806293,0.341759923111439,0.23756391738582297,0.16287532385841497,0.114504614109488,0.0738672075201568,0.048234771403069,0.04628925507323341,0.044867729523285,0.0431122146746598,0.041265615607760694,0.0399050630127012,0.0393229243415997,0.0391571579178892,0.0382831527781017,0.0354094037385266,0.0300079443218522,0.0219649672535809,0.000453509414195234,0.0,0.0,0.0,0.0,0.0,0.0,0.0,0.0,0.0
10.0,0.0010424837015659105,0.20166062562189002,0.7690496708196303,1.5265294575976907,2.184649072667741,2.5269161652313405,2.5131929786086107,2.2781076009835908,2.0351905167866904,1.9520520072739904,2.0805215636836407,2.376115504280051,2.7547535317920904,3.1254309310355803,3.414627361929531,3.5925146248751108,3.664991125178651,3.657553033256501,3.5986053989451707,3.509622402355841,3.3985934443028714,3.272262193342911,3.138525801499731,3.0058734939876803,2.8845678297789403,2.7830058374813604,2.7050013145075407,2.6487280905839308,2.608330375427681,2.574848613637231,2.537418227136031,2.484297167560381,2.404274457962361,2.2894148792179805,2.1365115766694305,1.9470690410832605,1.7264914712211907,1.4837128679503104,1.2312466251369005,0.9846728184250823,0.7603267687206742,0.5717714050754622,0.4261932616277211,0.3220399639567211,0.24777758579175205,0.19563587503722107,0.16099806150694507,0.13947079019558803,0.12652316821475507,0.11893073484229903,0.11511383417415302,0.11385606455710202,0.11368359084364504,0.11300528937934004,0.11041804650315104,0.10472775300889703,0.09534365262907353,0.08208417100008111,0.050245738637130416,0.023401845942890007,0.00048021481768974715,0.0,0.0,0.0,0.0,0.0,0.0,0.0,0.0,0.0,0.0
11.0,0.0006495183344640208,0.2180356585729369,0.8444748274581437,1.6839890012387995,2.4119440817842994,2.7825717171035693,2.748591500399489,2.4586940869398393,2.1501334471498796,2.0084136794792298,2.0895068852150094,2.343319855038469,2.6790140798825797,3.001581720217699,3.237293250313309,3.3620064095707187,3.392595193243029,3.367005527129549,3.3219562283534496,3.2807298808032592,3.247519208641969,3.221715839245299,3.2010387818334896,3.1827356700483893,3.1662456834573893,3.150183917035159,3.129859811658409,3.096658649388859,3.0404224926692485,2.9513316151217395,2.821962759804789,2.6485056931539592,2.431722395389899,2.1784825476781298,1.9011757795326696,1.6153206559585296,1.3364835838260398,1.0780540717929998,0.8503011900673317,0.6604857184712409,0.5130870292017848,0.40946594484342286,0.34620506105354787,0.3134924164958289,0.2943387330991149,0.27967899240296895,0.2663086025357629,0.25188882117011197,0.23373935399757795,0.21026703032252195,0.18202919637986795,0.15016936446274098,0.10242561605406797,0.07798832950882677,0.05541796243232019,0.020413059543367695,0.0003718734929047209,0.0,0.0,0.0,0.0,0.0,0.0,0.0,0.0,0.0,0.0,0.0,0.0,0.0,0.0
12.0,0.0008708628096165349,0.26614919565765294,0.9473618168862578,1.8218178506683997,2.5544502702983896,2.9016245792190096,2.8266886743125395,2.4912602606187098,2.1418622104899594,1.9663248997996599,2.0173299098389,2.2406683458039995,2.5445842054486194,2.8365818506469296,3.0471168051728594,3.1565162400961095,3.1848342147548494,3.1709491064155793,3.15041789523934,3.1439637777737692,3.1522188646219798,3.17013284817865,3.1904394806783496,3.2054960248557594,3.2105552770264696,3.2014930781028195,3.1729821023225595,3.1181376443263895,3.03046712708375,2.9048597828203597,2.7385824205494798,2.5316135068000394,2.2871302986780497,2.01291288064768,1.7208998259219397,1.42533654877307,1.1408047613078498,0.8813130865455038,0.6600425541604169,0.48898800398845793,0.3772867272919649,0.32830287234636996,0.33668334836203895,0.387326522071641,0.4554197850767329,0.5217547664204479,0.5722711925642678,0.5960861163747448,0.5863631802199569,0.5429811197098499,0.47311882808429095,0.38828018814067394,0.29977343895064196,0.20023869127985,0.13886598948054496,0.08850410745614089,0.04994522351715129,0.0010188133119773599,0.0,0.0,0.0,0.0,0.0,0.0,0.0,0.0,0.0,0.0,0.0,0.0,0.0
13.0,0.0014438470228408703,0.19582093188534305,0.7339290749169562,1.4466147496178203,2.0612338774436902,2.3763146604585805,2.35506505589052,2.1241152958320204,1.8832282952253803,1.7885512001412005,1.8873087239247501,2.1360934098988005,2.4541389575834502,2.7545523754536205,2.9683765315704704,3.0704712162048207,3.0724958507049203,3.00658374785307,2.9076913012316004,2.8028291702606705,2.70429076763172,2.6203987741035104,2.5575265029751106,2.5203553327174006,2.5140122058057606,2.5417141047867906,2.6026584394427905,2.6908625676576303,2.7959634073813304,2.9033972643879604,2.9952153300180804,3.0514102428227403,3.0524327576192904,2.9834559182749705,2.8375533830927204,2.61722317709848,2.3343829421448006,2.00931614403554,1.6683474246845902,1.34002906618244,1.05010316671094,0.8168023381831001,0.6476267152565212,0.5382454541435261,0.47228297963752214,0.43449758218080103,0.41160142331012206,0.391756366887809,0.36573993523011505,0.329141457448117,0.2828238034785401,0.23162135302738301,0.18255012530248402,0.14205469413175803,0.11259599381264701,0.07704878417750181,0.06573330240758442,0.055122616020061806,0.024755152964478604,0.0004927297048074781,0.0,0.0,0.0,0.0,0.0,0.0,0.0,0.0,0.0,0.0,0.0
14.0,0.000815662476081894,0.2557358095851902,0.9331557776376047,1.8158806704981327,2.5666528388045795,2.936485444887714,2.883327836906508,2.5651689184818802,2.2269491056132567,2.056460605115961,2.107670601307367,2.3295372324686303,2.6358737044171114,2.941291828010603,3.182285085467451,3.3406412844597906,3.431009319326137,3.4811751919836142,3.5131484783165563,3.5344161470344004,3.5342948308934705,3.500625712209079,3.4251088089401884,3.3055140831638092,3.14870896595233,2.9668028607926566,2.773059414473666,2.578715626710256,2.3923260621224642,2.218627761335169,2.0582047324054904,1.907548344280509,1.760323741386267,1.6104405167890155,1.4539202286812856,1.2896216494760482,1.119491172683402,0.9492450937041848,0.788848739005285,0.6513729699289693,0.5495500589162255,0.49168239230292643,0.47832404707210185,0.5003462933506072,0.5375214383580876,0.5741505194554802,0.5991969206654698,0.6042256923819935,0.5834198974114949,0.5354948386829742,0.4649140502987434,0.380966196626045,0.29509954667757204,0.21706831096071313,0.1395000367589531,0.09928834801170963,0.07212365024589025,0.04026048815588874,0.047169257786239156,0.0555732053219865,0.06309818042692716,0.06830993997919321,0.07051991529990274,0.069936716342995,0.06704326995249404,0.062074242875944825,0.055146357040380706,0.04642796902367495,0.03624332059036337,0.024293871165400948,0.000548170129514698
15.0,0.000686898901499761,0.23208034864122604,0.903772892152565,1.80691889624254,2.59353773637001,3.00020815878496,2.9773265342870703,2.6869747826983,2.38756703850053,2.28211257539305,2.43244736234864,2.78163129784968,3.22227948084699,3.6368308833055094,3.9293695591340194,4.06234336566706,4.0514154222014,3.94298687924861,3.7864286819591397,3.6175931527494005,3.45111056345583,3.29451865670555,3.15022757650614,3.0167645325657704,2.89292715668342,2.77620805872868,2.66173080950449,2.54289438061077,2.41400972987648,2.27135406839526,2.11372454710217,1.94194540626503,1.7584839690350897,1.5682956567447202,1.37806680379918,1.19442127654679,1.02235872370956,0.864996786906559,0.724258487759741,0.601863099329956,0.499419823995728,0.41769619817038,0.3556558006796561,0.309380325625019,0.269616512079679,0.23524428368614297,0.209405224000198,0.19358460156820498,0.184247225613457,0.160962381368302,0.15466409848131,0.140536570850164,0.119581337658393,0.0954066196466528,0.058508585554236,0.0525648015145445,0.0491216352490179,0.0476250075419955,0.0477602646952893,0.0489984185063245,0.0504498313863309,0.0510772803283099,0.050307862671166,0.0482305275824947,0.0451198639551459,0.0410232574425559,0.0359478725588597,0.0299936790289858,0.0226909529607961,0.000400941234730112,0.000105976852542729
16.0,0.0009356456116868522,0.27891721853699003,0.9687472372917472,1.8446429135047702,2.5765779695021904,2.92776260249952,2.8659080031892805,2.5524770573261004,2.2299555679112206,2.0806304955270805,2.15250296038031,2.3884430200182805,2.6950119601513705,2.9785177284912803,3.1684648067671506,3.2447889213148104,3.2282173072887206,3.15945165111142,3.0768073117167205,3.0038104687735308,2.9433119384377906,2.8918274738753005,2.8433772139290108,2.79177779300649,2.7347775564315304,2.6721480555334804,2.6037510235553105,2.5285660418438503,2.4455890693174807,2.3538405465219805,2.2524556231010804,2.1403625038823706,2.01659262306182,1.8818102124933305,1.7382223739118101,1.5883560956978302,1.4342474679028003,1.2783773675402001,1.1253818257414503,0.9826625629757761,0.8587891792647941,0.7606252468319591,0.6900712601477471,0.6423220483564481,0.6050986746973541,0.5727909789042421,0.5443489193147711,0.51863222296861,0.4928780535716061,0.46461933526602206,0.43320823640412703,0.39949544667562,0.36536059991487907,0.332759987619274,0.302982444199908,0.276004944317127,0.25024742050531307,0.22331665805685902,0.19337365955694902,0.16003540655676302,0.12459829224551301,0.08840296013722572,0.029384304046374203,0.0006475047656474922,0.0,0.0,0.0,0.0,0.0,0.0,0.0
17.0,0.0008373545889289059,0.257872991867536,0.9252216473373919,1.7879491951442699,2.5188571330039595,2.87890592104567,2.8311656107979895,2.5330436913156897,2.2256977331970695,2.0932112114947596,2.1867207439895995,2.45057266879979,2.7891229618174096,3.1032815687641695,3.3161987647097897,3.4027987769616694,3.3816040780136998,3.2939351309403895,3.1807497642682194,3.0695683351659495,2.9681088883779196,2.8780979491949896,2.7983126822959896,2.7261875190175195,2.66144171279154,2.6039950332604094,2.5519863433710896,2.5009676230031195,2.4452723593738095,2.3787328089553097,2.2956995283549397,2.1916256763396698,2.0640206770398497,1.9141660891230998,1.7466380642474397,1.5673079020446299,1.3819472991599597,1.1968767640688498,1.02035785140483,0.8629789198951597,0.7357760424455508,0.6468522292761398,0.5978285356087699,0.5819309322743369,0.5829406708796839,0.5895038036816799,0.594252178101991,0.5905925731481428,0.5715477164364419,0.5322051856309479,0.4722516085311809,0.396587260921559,0.31473392290774393,0.23838366087203597,0.177898782497626,0.13911716681701597,0.12192486449062798,0.12072397425727399,0.12711164290691096,0.13274921112747,0.11706105918860497,0.11430225591663598,0.10707240464914998,0.09789392212748758,0.0886283314807201,0.07913685676358759,0.06855651633175339,0.055948551270731194,0.023930612609982898,0.00041172713792529187,0.00010882516621298499
18.0,0.000787779408401968,0.242353555688759,0.869190909709381,1.6820082758347197,2.37633484952717,2.72842009373446,2.70070624624319,2.43449144880505,2.14762502848154,2.00545078880789,2.05362855136281,2.24639611089375,2.51111724838395,2.78073794353237,3.01018535043824,3.19094904509449,3.33363787958125,3.45229540613492,3.55452192937515,3.63763765121312,3.6847932457504204,3.6809888623837903,3.6197633997387,3.50432584388828,3.34861565653599,3.17160776098162,2.99150284632048,2.8208131534844396,2.66547766311418,2.52488483813192,2.39344806669538,2.26270625235458,2.12385268448356,1.97096191857041,1.8021193839083098,1.61863741552898,1.4237595482535297,1.22245864183796,1.02202796515055,0.832372085093425,0.66453260182765,0.527860577101762,0.427134946122138,0.360199426148426,0.315618020086565,0.285757664636781,0.26562348636979,0.250099493043635,0.234022279331261,0.214117017473972,0.189915341684393,0.162918967091083,0.135640466268356,0.110510739854888,0.0886056855621386,0.0522576868315051,0.0276312109128061,0.0237136140183907,0.0198240603585399,0.000423390818805084,0.0,0.0,0.0,0.0,0.0,0.0,0.0,0.0,0.0,0.0,0.0
19.0,0.0009909662928678103,0.28814147693566705,0.9750476289032324,1.8353385155074307,2.549281449709111,2.8916381342096202,2.8368984099558805,2.546754717916671,2.259682429070571,2.1536922821580307,2.274414791944281,2.562949357961101,2.922049679700281,3.251597525237731,3.473580692913211,3.561019885939171,3.529868160781401,3.419736199856661,3.2728229486912914,3.120615642466281,2.975633669761491,2.843862083840221,2.727464607072391,2.625735797824241,2.538715123995651,2.4656201526443806,2.4036608866856204,2.3479660861787104,2.2936759125038804,2.2367810112673805,2.1746893482254603,2.1059514558916503,2.0297818466368303,1.9464874173361704,1.8565067387579803,1.7588375591975005,1.6504888175367005,1.5279974257737308,1.3899758868383703,1.2391975806288502,1.0828535476348204,0.9310615989829972,0.7937857926979893,0.6767993353418692,0.5772303751230182,0.49497014889718116,0.4303278742316031,0.3806417345329481,0.3403456890732081,0.3037225973161101,0.26720760712519104,0.22979169048031206,0.19253128088395002,0.15718160705886003,0.12497162780264202,0.09466099709410973,0.033322992365877206,0.022984465754850206,0.00045873285476242615,0.0,0.0,0.0,0.0,0.0,0.0,0.0,0.0,0.0,0.0,0.0,0.0
20.0,0.0008844344608546625,0.2662529754091306,0.9343609602099474,1.7891488859546225,2.5103757185008284,2.8672754410995234,2.828269594723348,2.5519074054520345,2.27788064259982,2.1890370228403313,2.337053074174568,2.6673857915919266,3.083368832175337,3.4811647457753767,3.7757037851530493,3.931338382394081,3.9555675076818124,3.8812087378897275,3.7460189909055535,3.5798166603631256,3.3965680979325734,3.2069452913739216,3.0202687253281697,2.8441193123564203,2.686381175039462,2.5522649013253726,2.442202348794979,2.3514863721229657,2.272768910481855,2.1977193213381,2.118613170389812,2.02905719404431,1.9244749691875123,1.8034146466536767,1.667171935524974,1.5182183237597877,1.3589749546787708,1.1923023108550923,1.0229855198143598,0.8586713603904865,0.7086257017317272,0.5808907222547394,0.4793097343653866,0.4016012149292888,0.3376207905049545,0.2827796323784567,0.23667769213714457,0.19939059720112118,0.16920085901684798,0.13127356804061707,0.12043074411044757,0.10885511444030739,0.0963926077939932,0.08460170203817208,0.0751359959597761,0.06894410354565673,0.0661517485117228,0.06629370151668228,0.0684885882555417,0.07161389863446496,0.0742900034180491,0.07528046021339957,0.07415802464150298,0.07131004526675869,0.06710165359428664,0.06139535920392132,0.053508173331312595,0.02836460896979492,0.021202983514566644,0.00037526074383884087,0.00010627898790749108
30.0,0.00103127340652949,0.30264327475959396,1.0338643040586897,1.9524244112933897,2.7119301309616994,3.0663137628073898,2.98458550805675,2.6381693534197894,2.2822331642723497,2.1079969752455896,2.16594344194608,2.3972217184145994,2.7060550831293497,2.9969227684161392,3.1979176385191694,3.2884136435301494,3.2889976896412594,3.2400796809455596,3.179039651555089,3.1278170648373496,3.087228672947189,3.0522013615029397,3.0159596759250595,2.9724474469096895,2.9204599813405796,2.86125341547406,2.7958472431760697,2.7233104926039093,2.6414368031212896,2.5468366225191694,2.4354839852189594,2.3030764718323398,2.1460158520846897,1.9635706565056597,1.7584771900401597,1.5365561041974798,1.3062379325870097,1.0786040265294299,0.8672582535527859,0.6871600465433969,0.5518508612397189,0.46988828174898795,0.44148417715220994,0.4563109526850909,0.4922106539630659,0.5309078116218778,0.5584313359485639,0.5637112681525879,0.5396993810976999,0.48588254539734993,0.4087959122380149,0.31984524219068994,0.23232169717012094,0.1573725969966,0.10016403566097198,0.03268622431939149,0.026120736865839492,0.024089820849989497,0.024307036360004496,0.025830085140469798,0.027711100486480195,0.029042024309902097,0.029309609636949098,0.028576200483740894,0.02713372877349699,0.025068704605303097,0.021725634838053495,0.0004995662384506728,0.0,0.0,0.0
39.0,0.0007997149180331163,0.24816082348796709,0.8969030454349394,1.7387939392082206,2.4535663833819106,2.805459819923431,2.755377078594751,2.4543110077983905,2.1362788827039405,1.9813857065584006,2.0418145024671204,2.2670251044834306,2.5683746585301503,2.853842197725371,3.0518080474605007,3.139161030640581,3.133711322698371,3.0741077719037815,2.996980931075411,2.9244542579070307,2.858937846418411,2.7974637319693905,2.735476710917741,2.6692308670035403,2.5995749201448906,2.5296880789848006,2.4624169648324408,2.3985462894112106,2.337358332787741,2.276702567350521,2.2134342531792304,2.1434603741263603,2.0623342920675505,1.9669176943601505,1.8554538344093905,1.7268163848122904,1.5806916904682005,1.4196728556249403,1.2515405353245204,1.0895363072758104,0.9496648913608022,0.8463902609687664,0.7879766834862683,0.7729739298498313,0.7873367057898831,0.8174030643702203,0.8495496269717984,0.8689914618605312,0.8610381016928044,0.8156031111661413,0.7311470905218302,0.6157493276195632,0.4853571913964461,0.3588907982763911,0.25263503367687706,0.17611217236406201,0.12998548034987803,0.09523874917651183,0.09070146842046731,0.08404764509835633,0.07039766020873142,0.034257191686000006,0.020583620218914703,0.0003979750980676041,0.0,0.0,0.0,0.0,0.0,0.0,0.0
50.0,0.0010269991169847197,0.2930146285663649,0.9706362482757536,1.8064510129110094,2.4893566214665293,2.804404245451119,2.7327552433731386,2.437346710470039,2.1541631198253692,2.058465665111679,2.195458499218939,2.508189532529189,2.902126301723149,3.2790654967677186,3.5605980237309787,3.715669194110918,3.752907233123508,3.7035927954913483,3.603293469986059,3.480052308161649,3.3464806031436085,3.2115265629989085,3.082407983656659,2.964037402208109,2.8608812174810185,2.7742115475716087,2.7003679485742786,2.630759197415069,2.554856075001579,2.4624886319828487,2.346003551521159,2.2013721220467892,2.028690558948449,1.8329752068775194,1.622941176726439,1.4084365929853393,1.1981895274527596,0.9993349067137176,0.8182822533635866,0.6617764400280487,0.5364911637660348,0.44720774603704183,0.3945820740309308,0.37316487590503283,0.36918151211558786,0.3729916792016508,0.37791989878264587,0.3779623162542258,0.36815373989976286,0.34648033180681587,0.3144500887858849,0.2758738406893569,0.23547399521279488,0.1973955599290589,0.16401992536494892,0.13579863305552395,0.11229134288689596,0.09317928384842837,0.07699629393000387,0.035487302412713986,0.03523180260839349,0.03510616115097778,0.03418522220296439,0.032632748765323086,0.030524272911411784,0.027808043778406986,0.02444982050226469,0.019915465866299994,0.0004520021896610158,0.0,0.0
57.0,0.0013228403248314008,0.14526927878007706,0.6630967754168293,1.4057923803939207,2.0819969536091407,2.461477726292131,2.4856315847036607,2.276546878817881,2.045440010801711,1.9673343376390706,2.106006066872091,2.4269344338515015,2.8500623994555214,3.282738390307432,3.6467814978163013,3.9072613518621515,4.065813127464212,4.143322497505112,4.161113677362302,4.1312505302064615,4.052098033517712,3.922863636989512,3.747420994234402,3.5350215514269614,3.3016742590111816,3.0653056954091213,2.8407405884256507,2.636338326499591,2.453992321657371,2.289553407538281,2.134702351617681,1.9793829606592808,1.8146895929874007,1.6363956361234309,1.4459000239671504,1.2487343767992305,1.0523054253252104,0.8646486866537854,0.6940561296643993,0.5488452260388262,0.43598621597096615,0.35892472016188515,0.3157918257794612,0.29844300387517814,0.2914541348967861,0.2858979259204561,0.2781413975361411,0.2664177245777121,0.24973287017677112,0.22853893677007908,0.2048256848020411,0.18100294751484108,0.15898238593584305,0.13988045640357405,0.12415218052069106,0.11103789926869005,0.08354658597566812,0.07680436950741412,0.07088918475172083,0.06535709182432943,0.06017728566631323,0.05524707343415022,0.05043704355477983,0.045248629067496424,0.023180092509984207,0.019593702297868307,0.0004466672706418722,0.0,0.0,0.0,0.0
60.0,0.0008256679011244199,0.25819555385454096,0.9400519107730569,1.8286917926906596,2.58647894213666,2.9643115166698495,2.9206006895262098,2.6145760857332494,2.29311646873271,2.1458535370676497,2.2267927420571794,2.4809397939517694,2.8127889179474694,3.1234242201035594,3.3362242781394897,3.4269996035799997,3.4159626270760897,3.3462090136131497,3.2590175112140796,3.1799066767169597,3.1125405284982794,3.0537087860710694,2.99716187805872,2.9360620074100896,2.8674094541193895,2.7903704820475994,2.70432706246038,2.60780332392631,2.4996114234823397,2.3791042306528896,2.2464306162055094,2.1019301596903395,1.9457915248102398,1.7789276580993498,1.6028056872128298,1.41910224633208,1.2302109366024798,1.0407840014106298,0.8591411144862958,0.697662184467068,0.5709371306329889,0.49168293962962195,0.46599617238204394,0.4895190261669979,0.5442172765666929,0.6122548449982569,0.6762130183828768,0.718810856276074,0.7251673489537129,0.6876090278917059,0.6085122993913499,0.49925074391254987,0.376962352960992,0.259054706520606,0.15801674213998299,0.052686336582520185,0.030600548898969297,0.000655772182710734,0.0,0.0,0.0,0.0,0.0,0.0,0.0,0.0,0.0,0.0,0.0,0.0,0.0
70.0,0.0006702108300458532,0.22833361117664008,0.8952898007693534,1.7953976572104307,2.582149789553781,2.991853901575591,2.972912051295711,2.684468032290191,2.382309665386901,2.2682399710462207,2.404609441997431,2.7360817013222705,3.1569702184940702,3.5506999489281807,3.8211817833958808,3.9301176205167807,3.8935512311147416,3.7600257272528013,3.581795172982801,3.397293782870111,3.2232305172537314,3.068288570048401,2.934929705163001,2.8209637571969104,2.723824227003231,2.639285163478891,2.5604632136915706,2.4783410524860505,2.384452189755511,2.2722305078855105,2.1379324418344208,1.9803050477507906,1.8003145868511308,1.6022524369352305,1.3936314189405101,1.1841136390679705,0.9841045694282122,0.8038228247630932,0.6529536547477521,0.5403991729282891,0.47264008672857516,0.4510129170350771,0.46971149359290615,0.5150206481173811,0.5642048945028512,0.6012519053502012,0.6165270443406481,0.6045383195729102,0.5636302495904741,0.49749061294200714,0.4150435082077551,0.3277649523810601,0.24637846775007205,0.17790148734734104,0.12422643488602103,0.07205873370267572,0.035319248626876715,0.024988025825933808,0.0005009522790970781,0.0,0.0,0.0,0.0,0.0,0.0,0.0,0.0,0.0,0.0,0.0,0.0
80.0,0.0006202664657897435,0.20954305664545578,0.815987032591317,1.631639952066947,2.3423974939640084,2.709958156238403,2.688329765084605,2.4219755260159874,2.1420796759987684,2.030251241241912,2.1418883651640477,2.426971314103407,2.791702160756196,3.13397620120779,3.3708768088296948,3.4713288176874015,3.451680713616594,3.3549911810826294,3.2252876460200235,3.09288184013294,2.96807452354186,2.8544668557507893,2.7513803293594554,2.6557206248582728,2.5659518203827982,2.4804733527225062,2.3959688488137583,2.307177897150866,2.208797847389366,2.0964834145957876,1.967713819260669,1.8218787437269683,1.6606056341688675,1.4888289017194907,1.3139746826715,1.1442458388038146,0.9874680454027668,0.8513808085835298,0.7444650563308436,0.6760761465333271,0.6546318802297862,0.6842050324238155,0.7608836635780193,0.8703788416353229,0.9866065720546223,1.086673502432968,1.1524748242641487,1.171008065948333,1.1358665551497762,1.0495778777185063,0.9239532191962869,0.7774901292987771,0.630869344114319,0.5015203098099611,0.39945444227995236,0.3261896557737563,0.27658144002274887,0.24189109695501665,0.21340522829339592,0.18557999765694416,0.1555458466088069,0.10816198716096918,0.0860971751047458,0.05208754696553423,0.04615654139144332,0.040880883214471135,0.03521251782625774,0.028979078626207404,0.021654729940689493,0.0003808800644270457,0.00010072757884371057
90.0,0.0005613146647546911,0.20530003643264505,0.8491297722123772,1.7378450746607705,2.5271823400646807,2.9495362138633308,2.946174624728651,2.668973347934451,2.368638798719891,2.2452469802525905,2.3626997327928803,2.6697711701045006,3.066873578653961,3.444965618173201,3.715192073662351,3.8431870194815807,3.8436160954390313,3.758944647851081,3.6330491243314214,3.4961499693113507,3.3581904097918707,3.2236623819430408,3.094247439339651,2.970161080404031,2.8536088154964103,2.746147855942981,2.6464262054085204,2.5496045760203603,2.449344435548211,2.3389982841434405,2.2128284994887704,2.0663561877874206,1.8969492917584105,1.7055354388452504,1.4966570891840605,1.2774448965595104,1.0566993027970002,0.8449489525781362,0.6546729638308482,0.4995606744219291,0.3917621010789391,0.3379529446616471,0.3357678255199231,0.37198879237648913,0.4218273234082941,0.46603133361391713,0.49182441698261414,0.4914876840366892,0.4625019513428581,0.4089734112343281,0.3409712262327061,0.27102567969070906,0.20990227240967405,0.16295911856537307,0.12957768680278103,0.10570352305025205,0.08598283340969223,0.04066448916756352,0.036666180523151105,0.03384772754615051,0.031011963765090907,0.028067337034177808,0.02523408236123711,0.022766917540773608,0.019964570332713108,0.0004542926869011882,0.0,0.0,0.0,0.0,0.0
99.0,0.0011895457858763997,0.32795161613178897,1.0426072530161299,1.8948479230688995,2.5633470740318898,2.833650999143409,2.694902781907409,2.3196664947161594,1.9492624458100596,1.7571030384028694,1.7822295379894695,1.9646929283156993,2.2163538834538494,2.454303733115919,2.6186562518829595,2.694872237040279,2.703103829746409,2.679238820356789,2.655602945537279,2.6507121418913697,2.6640800649753094,2.6894302076753993,2.718510706286099,2.743281049773449,2.759348114964539,2.764083109144629,2.754778566909839,2.7275732832667097,2.6785613423965895,2.6045282717086695,2.503901042457829,2.3769532159573195,2.226073560935789,2.0565269969033597,1.8755386616221392,1.6905284622539496,1.5078766639823895,1.3332378599976695,1.1729042547566395,1.0350855527789897,0.9295267436689157,0.8651965338876028,0.8468216063566748,0.8712637971515748,0.9239475416604677,0.9906861104496578,1.0564581439288698,1.1036256315254498,1.1139635917399595,1.0739777632214396,0.9792920100719437,0.8362511004012838,0.6614209988692659,0.4778669791487378,0.30905183050693996,0.17334122185211695,0.07303733891703718,0.026613604943615088,0.0005609816066206957,0.0,0.0,0.0,0.0,0.0,0.0,0.0,0.0,0.0,0.0,0.0,0.0
100.0,0.0006846425483133261,0.21509917411860205,0.7865968646303421,1.5332904480795402,2.17194094831938,2.4939492066729705,2.4659640467351505,2.2247146750813904,1.9818425722292101,1.9014666124441402,2.0330093198174106,2.33195380972819,2.7162836027453303,3.097911163613921,3.4052974146389303,3.6083827604776104,3.7107432063057204,3.7338575451743803,3.7009609897446203,3.627968246057031,3.5180003786927805,3.3742502419407105,3.2032198536646805,3.0146355270644603,2.82233022208937,2.6398672337357905,2.4767288878367806,2.3362872437953306,2.2170847211529305,2.1141499667446304,2.02094548158136,1.9309238308623702,1.8387359495681703,1.7417742588595901,1.6397061607313903,1.5326427147887103,1.4197282506466402,1.2997504844534802,1.1731151586739603,1.04356405973486,0.9177372145415701,0.8028639093209571,0.7040872900422102,0.6224116671669151,0.5524674215437101,0.49374856106783205,0.44810055506578805,0.4156682103202771,0.39378386069606613,0.378628197551654,0.3664789951261301,0.35393957187158304,0.3386946256875141,0.31977312026988103,0.29741266623472007,0.2726633524303231,0.24676459529725003,0.22044459819537102,0.19370172157731702,0.16623292654845503,0.13786689019936701,0.10812577548910501,0.05170730745639201,0.0404676049351499,0.031928523027810705,0.024408598786630903,0.0005343637698397671,0.0,0.0,0.0,0.0
101.0,0.0013210819247327498,0.36086927566444693,1.1351372957088797,2.0554975114396696,2.7824297218005,3.0912024355134093,2.9725191849588994,2.6099780008360196,2.2584166166751096,2.0995626050492096,2.1719777706296695,2.4082151388787896,2.7090785202272794,2.9791324963091497,3.1475649315817398,3.1948811207037595,3.1431575513755297,3.0351199346710294,2.9120090964002396,2.8006766099188494,2.7067112576743297,2.6282096964194497,2.5595937838630696,2.4938920866963494,2.4271869108160495,2.3573273717574197,2.2825388362757995,2.2006817591563097,2.1104565986133794,2.0116460487909795,1.9052928414852597,1.7930532270359998,1.6767060727097798,1.5587827028254597,1.4422447993341598,1.32992206024016,1.2245079863025097,1.1293887890611098,1.0493769519639897,0.9903064936171918,0.9570302860368349,0.9509993914898729,0.9685121545201509,0.9997615756499749,1.02755784202909,1.04126403251963,1.0363769612292897,1.0113738403386099,0.9654657512065649,0.8989228902106318,0.8137823852365689,0.714307437028855,0.6075894748846389,0.502064639944232,0.4052870430559489,0.32256575850302194,0.256128464257102,0.204858509315689,0.16514482143161,0.132278490503595,0.08672330852006858,0.06945439620138429,0.03853557615887839,0.031126898562357997,0.025452233364414198,0.020408133516440295,0.0004545293788756529,0.0,0.0,0.0,0.0
110.0,0.0,0.000720035591719818,0.0662703890565078,0.137303274651163,0.200895080355168,0.235711775970051,0.236519685329083,0.214126631689361,0.187392789043491,0.17181150666300296,0.173006246989856,0.188168612744562,0.210932885069994,0.234381431606958,0.253465383849713,0.266816571009475,0.274825576994151,0.278240579482978,0.277693962415781,0.273342680546652,0.264138041608572,0.249355306235222,0.229563706991089,0.20692531969432204,0.18535640047011998,0.169860487954016,0.165418011838381,0.175453707436852,0.200432108954005,0.23662492694333997,0.275752585146032,0.306144887274397,0.315892942079213,0.298065537099728,0.257077566124767,0.21478319136206,0.214235697864626,0.318770452267261,0.604455364710811,1.14534284188599,1.99303039601982,3.15461374614529,4.57529013480567,6.132359950741491,7.64551273937702,8.9047454012719,9.71061033787392,9.91913698865253,9.47889131355373,8.44820461268136,6.98450045600643,5.308508848213,3.6541498399348002,2.22199473104763,1.13601492191663,0.309899991802344,0.0412977929276366,0.000759884014613021,0.0264408652189492,0.05809686690636799,0.08254215523558632,0.0902324111630861,0.081496377391872,0.0624276220460776,0.04096007585300279,0.0225840865281649,0.00042326967060072706,0.0,0.0,0.0,0.0
114.0,0.0,0.00132992595331361,0.282087182426163,0.62853352212627,0.952640285980103,1.14387661703928,1.17003737377027,1.08552527883668,0.9887625901626539,0.963085354262454,1.04032826061494,1.20570960349359,1.4218152353974,1.643845423746,1.83264324058616,1.96883094730661,2.05024040158392,2.08420753042731,2.07909163866631,2.04001451116541,1.96686850876984,1.86150719349549,1.72920110086974,1.57802036050201,1.41862363790501,1.261300930726,1.11379037907543,0.980525506419748,0.863461329402841,0.7627334431156,0.677568307412912,0.606990939952631,0.550258165986503,0.507473665884471,0.47922545518122706,0.46552680158126203,0.46473905358277806,0.473593478763886,0.488525006165998,0.507551188620335,0.532281545807921,0.570290196685384,0.636441578679673,0.751394247953733,0.9363580948099801,1.21296134895717,1.59502790069113,2.08038318756774,2.64673430526649,3.25228912736856,3.84050892745027,4.34851132783402,4.71762661644899,4.90214390377667,4.87464330906924,4.62883012624831,4.18058057222798,3.56761694167717,2.84819503380726,2.07491114268265,1.27984419326317,0.707132547762034,0.348425080562132,0.126178782433622,0.000600584010148471,0.0,0.0,0.0,0.0,0.0,0.0
118.0,0.0,0.00196789047705179,0.180184349827225,0.355894597298841,0.507382636425135,0.585706735687704,0.581412780988591,0.523032150554845,0.456959524015833,0.419794231948677,0.423257683881109,0.458635806060386,0.50921915186523,0.557304520261619,0.589403206312584,0.601484725194078,0.59626713848611,0.579412072244076,0.556330955632289,0.53034699147335,0.501368207716682,0.469124419693888,0.434464653606304,0.399727958938457,0.369174940495843,0.3478897304682241,0.340315576506059,0.348579537700876,0.37124255744390294,0.402337895765455,0.431634631136549,0.446549573468831,0.43596029351196397,0.395884752278696,0.335607623888934,0.282550191795931,0.283741942542354,0.401909830864901,0.705194199107394,1.25114720552384,2.0676659406456,3.13593533888913,4.38165332963591,5.67886513619813,6.86755517005488,7.78499666688845,8.29997048157072,8.34222205027715,7.91740743729037,7.10275088731804,6.02530164074411,4.8301651875634,3.64965847791345,2.58355088119303,1.69312420683659,1.00052082533915,0.429518704648127,0.183110712306056,0.0565047554893852,0.00111929810851071,0.0,0.0,0.0,0.0,0.0,0.0,0.0,0.0,0.0,0.0,0.0
127.0,0.0019242072755309703,0.193927444857574,0.6149363530219881,1.12418591500165,1.53913646300694,1.7387439934153601,1.7119869425063703,1.5504194759241403,1.3852331397425302,1.31218342644221,1.3535299340124103,1.4753067550679502,1.6254581077949202,1.7548293531966301,1.8305491645775902,1.8464620703406902,1.8114635398581203,1.7400144287527803,1.6473978329356802,1.5457699334921402,1.4383313972901905,1.3266475123138701,1.2137082858104102,1.1035006320087601,1.00185766152664,0.9147317226290731,0.8471383165586541,0.8024013955431781,0.7830335032047772,0.7907552283667302,0.8263023596206531,0.8888408185113071,0.9751416550551661,1.0794468190794302,1.1930787345402003,1.3044128534757302,1.4002489752943201,1.4691400071276302,1.5058382560073302,1.5156343717720502,1.51670906905483,1.5389926525915203,1.6186542997442501,1.7883340891271704,2.0646654007199605,2.4454639509636205,2.9032268007953204,3.384730851814871,3.8197084960514904,4.136483499232181,4.27818467143875,4.21431831620255,3.9455120122306306,3.5004343082662204,2.92755262164869,2.2857038896625603,1.6380219800076803,1.0447191954601702,0.5006666268166381,0.20002682035497302,0.06296289019778571,0.0012785706588260802,0.0,0.0,0.0,0.0,0.0,0.0,0.0,0.0,0.0
130.0,0.0013528709141538303,0.13750395648462002,0.4556694836270981,0.8509220893581791,1.17790963250272,1.3369570365003802,1.3158874369293903,1.1858894281639303,1.0519727942575101,0.9924622115928942,1.0273579211656803,1.1308980136426503,1.2612342234449403,1.3769168180163303,1.4481001353663103,1.4666939217911503,1.43908388823066,1.37841936465138,1.2991110920307203,1.2128606577375203,1.1242575453465802,1.0363291662047402,0.9522928095681321,0.8751611616584022,0.8083716760148161,0.7545231690857471,0.7148203696682601,0.6891855183773941,0.6778498436271481,0.6822795277514642,0.7055297953018091,0.7514953998348372,0.8231746007501521,0.9209665648086361,1.0407847353777702,1.1730615282590702,1.3038470723036002,1.4185449397708103,1.5075155944400302,1.5721658319477103,1.6290837853494702,1.7100245963722502,1.8565899755575703,2.1091799175206605,2.4914548123678406,3.0020794587311803,3.6049465802102203,4.228617214277881,4.778055095837681,5.155922223763491,5.28611312044018,5.132613178132371,4.708316670199871,4.069971436881591,3.3010867860080406,2.4918663619233805,1.7223789274788202,1.0574118253941602,0.536476764903578,0.0476222540074218,0.0008291881370041661,0.0,0.0,0.0,0.0,0.0,0.0,0.0,0.0,0.0,0.0
138.0,0.000824420726695432,0.218843104190437,0.664556419944792,1.18511381436106,1.59779709445604,1.78474450481877,1.74377885536412,1.57448245393403,1.41270146836196,1.35404470712614,1.41729455849314,1.5645808084541302,1.7413575604004101,1.89685750598874,1.99634121944773,2.03150366706726,2.00909778837327,1.94180460798758,1.84396010406666,1.72773193087786,1.59718607494331,1.45572303436633,1.3090482049227001,1.16422357715231,1.02983765083675,0.913418013726298,0.819759624159197,0.750070531385089,0.703443490227457,0.678059746396021,0.672472519485469,0.686326414360641,0.720128824466409,0.7747685359884309,0.849913886774293,0.942158712804821,1.04419837182533,1.14630121681879,1.24006596963164,1.3232856497712,1.40394526412026,1.50129169122862,1.64209815219863,1.85248612604967,2.14683051011863,2.52538462593093,2.9679151011377,3.43155339516975,3.8554267890178497,4.17296565441179,4.32644854144992,4.27949245504107,4.02540769610075,3.5872964486725905,3.01112227312011,2.35621596352484,1.68675739861355,1.06681982104707,0.511298844557511,0.120767034185093,0.000669569820364776,0.0,0.0,0.0,0.0,0.0,0.0,0.0,0.0,0.0,0.0
147.0,0.00185991521459146,0.19000377869213503,0.645878510384047,1.22038577543297,1.6997776444806503,1.93526211781058,1.9068695457642901,1.7186153338666,1.5258730615982001,1.44566975111736,1.50908008489108,1.67885126643186,1.89264697107246,2.08730187386654,2.21584114884002,2.26345980180611,2.2376262180172,2.15651618423277,2.04016481807077,1.90453789153595,1.75545682397726,1.5970903874646403,1.43466668407989,1.27429237084064,1.12405371924312,0.991887845760253,0.883980147070889,0.8037620287182389,0.752815481162185,0.731249982960648,0.738081840626722,0.771110970775091,0.826399824766526,0.898139538856325,0.978469444619357,1.05866455620126,1.13179481462507,1.19643089112863,1.26003388068981,1.33972839794452,1.46036565438617,1.64932928550821,1.92639495503936,2.29447451976237,2.7334814923584996,3.20524250572438,3.65572421743297,4.02104223452906,4.23630278545897,4.25132078858549,4.04358291792991,3.62488695993637,3.04254707120693,2.36863000114918,1.68528820693027,1.06916319254897,0.520875429059747,0.216476054996913,0.11878414437249302,0.0506858845621091,0.00107037388438395,0.0,0.0,0.0,0.0,0.0,0.0,0.0,0.0,0.0,0.0
150.0,0.0,0.0014541704423703104,0.31268870001575905,0.7150478255097332,1.0986125984130701,1.3305397789418303,1.3663748310029205,1.2621350847407302,1.1275322147625104,1.0585549821960902,1.0941517852336804,1.2197002708679403,1.3946033309016606,1.5731972698667602,1.7220000064092207,1.8309002737862405,1.9021491353632507,1.9415492228882807,1.9541010664167606,1.9419726404417303,1.9007776337823006,1.8272554311180504,1.7226324067044705,1.5929935779015107,1.4497481961365204,1.3070589379087205,1.1790338208119402,1.0772203970920102,1.0103017505046301,0.9839946756094143,1.0013327178440503,1.0627752279536804,1.1659867109648603,1.3056433850512403,1.4723518599683902,1.6517916526472205,1.8255266645191404,1.9742629930210607,2.0827436109631106,2.1447980512016502,2.1663855201983004,2.1652606620080905,2.1673490686363106,2.2003157262397406,2.2847453852777706,2.4339091975254306,2.6475770392448306,2.9076960775839003,3.1779313310087107,3.408467974581851,3.5442168442204514,3.5355621438509615,3.350596524026151,2.9847750047258312,2.4650212657550807,1.8508858554842205,1.2239354696857603,0.5771436408570262,0.2679324881446571,0.05383374591689952,0.0009641451235040682,0.0,0.0,0.0,0.0,0.0,0.0,0.0,0.0,0.0,0.0
160.0,0.0009624524986000694,0.10105431985474503,0.38911127905400916,0.7777182920318232,1.1192548074530002,1.3015330561065404,1.2981441974682904,1.1704876132834106,1.0213824130144904,0.9337809405360683,0.9354102688028684,1.0071952539727103,1.1112518670487503,1.2088293839781505,1.2733497642351503,1.2996375128150304,1.2944015816451702,1.2683613673136704,1.2318934480300305,1.1923072897212503,1.1497940614538404,1.1033414095087002,1.0531687048683802,1.0009233822187305,0.9503997496356783,0.9062036062028842,0.8728018399991222,0.8540429844835382,0.8543659085181423,0.8795297376122083,0.9365456116516704,1.0320666432715302,1.1695398832492603,1.3465140897781405,1.5527188303836403,1.7705004013283008,1.9781506349862608,2.1556254824416805,2.2910124747866205,2.385433023652351,2.4544802020686105,2.525498396089891,2.6306594457136505,2.796633312785211,3.033313613547921,3.3332149979698404,3.6689614914113013,3.995381715048871,4.255994629284251,4.392144086990702,4.3549284297487105,4.116955264849271,3.679686931766501,3.077114298521671,2.3711909342830304,1.6448455910050204,0.9835736182139482,0.3500201600289281,0.14480652216857504,0.011745328792092903,0.00010546081756501704,0.0,0.0,0.0,0.0,0.0,0.0,0.0,0.0,0.0,0.0
170.0,0.000784599484917092,0.089511342523124,0.460460575827898,1.0152057077735,1.5381323735027899,1.85006332495322,1.89399688259746,1.74642900022228,1.5536075996464,1.44056825487788,1.4544146324240002,1.57154794599979,1.7370080554082599,1.89294891643702,2.00035063470182,2.05262462191195,2.0605787799239,2.04034555406615,2.00643236594482,1.9676866082331,1.92162427714944,1.86411955721476,1.7937575933307999,1.7125253157375802,1.62673931482048,1.54443953466725,1.47308565295611,1.41763160788633,1.38094377549452,1.36379432248325,1.36490129142552,1.38094100990558,1.40721566231571,1.4393922312612402,1.47472613354295,1.51318997762447,1.55791486169189,1.61472504177768,1.6909726416248803,1.79387225863652,1.92836640181031,2.0952057160697,2.2898705667098,2.5011556501491,2.70844384222496,2.8911906692434504,3.02924996481714,3.1022791810496697,3.09114589050216,2.98316100836974,2.7769008364665,2.48202484420983,2.11555453127836,1.69874096746697,1.25706260590273,0.822484306551056,0.40509943908242,0.111823245720511,0.00103049436834131,0.0,0.0,0.0,0.0,0.0,0.0,0.0,0.0,0.0,0.0,0.0,0.0
180.0,0.0,0.0011578308491897703,0.10740158732009703,0.23817221437275105,0.3594773827895341,0.4286092270886291,0.43412604708255614,0.3967015206925281,0.3538691994112671,0.33718699491067405,0.35834521760571614,0.4108408527655391,0.47907520604494414,0.5445627263257101,0.5917486921263152,0.6140599924245101,0.6129228766683712,0.5945152118162212,0.5659875708544462,0.5329895096393442,0.49803198300724916,0.46250284989630613,0.4270692953320402,0.3919176672526102,0.3575683093338771,0.3251106550126581,0.2966407411560931,0.2756956403327011,0.26740809258142006,0.27746755304561804,0.30993289598075513,0.36418298940543203,0.4322307382299781,0.49796139860946115,0.5388479174827893,0.5309026265642741,0.45787720412350713,0.3244141943026251,0.16717053616270505,0.04189672477041801,0.10271347321428204,0.3943749183149241,1.0711988944347304,2.2258844338861103,3.848618902846911,5.796081767508622,7.793672650683952,9.485675777071764,10.525133453120702,10.677843092000904,9.898649600919274,8.349830736874521,6.352558079454062,4.2951211296794005,2.5102843831811006,0.8326530165643462,0.3767812622878121,0.18353188707216406,0.07243744943972293,0.0003752180738416661,0.0,0.0,0.0,0.0,0.0,0.0,0.0,0.0,0.0,0.0,0.0
194.0,0.0,0.00119972780379167,0.24548920906326,0.509375771517045,0.746210893565393,0.878316227020759,0.885284537334607,0.808641227914005,0.7198026704975679,0.6774535756305249,0.702074934649492,0.780735354198876,0.885983845914748,0.988706437815623,1.06806185203612,1.11820905974389,1.14141687892802,1.14277303600012,1.12761663744399,1.09973516245037,1.0583540745088,1.0025734822302,0.933371250872639,0.853703856455758,0.768925409421042,0.685632026123142,0.610746862137778,0.550792914529801,0.51216505358705,0.500886773368476,0.521832007216197,0.577170682438804,0.66444405304928,0.775401092049004,0.896083659679999,1.00929272770501,1.09968710388414,1.16098289306969,1.20338941201042,1.25799232620617,1.37506390265703,1.61478783676133,2.03081602125715,2.65042902603098,3.45642826988834,4.38243312196356,5.31619978896186,6.11690205088113,6.64411476054182,6.79298826221392,6.52226854257004,5.86559110129645,4.92365710866491,3.8384721062959697,2.7572098564718006,1.80192274417785,1.04672903548958,0.434931272566336,0.153118992316,0.0769333857070933,0.0279088409421414,0.000579272273119121,0.0,0.0,0.0,0.0,0.0,0.0,0.0,0.0,0.0
200.0,0.0,0.0,0.0010786255273520305,0.09405571181410821,0.14876129448306002,0.18226018931655003,0.18846242445866804,0.17479713314698406,0.15606346689659803,0.14538499218157402,0.14831583420442607,0.16352874702058806,0.18652245398555406,0.21204397931043106,0.23602707243342005,0.25694818490282406,0.27427644173756405,0.28756717043407803,0.29626652748468807,0.2994904715842981,0.2953942315428331,0.2824322674123771,0.26013687761646803,0.22940600977660205,0.19288324236600404,0.15484575613996707,0.12093780526949503,0.09752987794416483,0.09082188677655453,0.10534141908110503,0.14205623362755704,0.19648366008365406,0.2575252735794001,0.30807810565684207,0.3281627013789051,0.30104190178074414,0.22214786034754505,0.10767829604819602,0.0015141845734329205,0.0015183333309266205,0.13944168405982804,0.5670528703504782,1.3993207803012004,2.698428896153621,4.424716057848101,6.415884858331532,8.397124988261481,10.032602094545602,11.008795782034602,11.124071474346902,10.351240103571703,8.847528666563672,6.906521730057973,4.873033038706402,3.052142560139871,1.6439984733374007,0.7167015721816532,0.22044336799885908,0.032633959886538805,0.0005303960670204331,0.0,0.0,0.0,0.0,0.0,0.0,0.0,0.0,0.0,0.0,0.0
210.0,0.0,0.0007784089377945167,0.07145470040428256,0.14454132771926612,0.2087742199736422,0.2430081696119312,0.2426671369759202,0.2193917941902612,0.19267866786446117,0.17815245003038216,0.18098533720224316,0.19752480270059214,0.2204939049954652,0.24228322582092723,0.2575890293156462,0.26539976769618423,0.26710843931401324,0.2649007695017862,0.2608398963458472,0.2560369529456672,0.24961828593467522,0.24001296735866123,0.22581335721469922,0.2062988931156692,0.18222156823661917,0.15611688601381915,0.13241918110760711,0.1171014061490951,0.1168785998985931,0.13752282828051515,0.18154056008974817,0.24573615959788522,0.3196132946815753,0.38580209942134436,0.42325394657546533,0.41365586212907834,0.3506133834514803,0.24989123439601119,0.15761358207883713,0.1525163940964121,0.3385112220360633,0.8256240431019257,1.7005559322088115,2.992295157611652,4.642509582953864,6.494757385228406,8.306854589358107,9.792250201268779,10.683554297428008,10.801428310783711,10.105103946448908,8.706643339015788,6.8446529256088855,4.826626857552734,2.959127762641242,1.335504780242521,0.08515017513649077,0.0,0.0,0.0,0.0,0.0,0.0,0.0,0.0,0.0,0.0,0.0,0.0,0.0,0.0
217.0,0.0,0.0005304879558423898,0.06228902795988228,0.12520376925875695,0.1796445779843439,0.20817627039761288,0.20647975608662092,0.18494455213727493,0.16044657690096795,0.14655445469628095,0.14780013326125394,0.16113970119819093,0.1804258368629919,0.19921095596116792,0.21299060637224188,0.2208851304684139,0.2239804502632239,0.2239837444299429,0.2225117465448539,0.2203932644388959,0.2167324499056909,0.2099910769686169,0.19876370666923593,0.18228027844789896,0.16114567328134893,0.13770006864482395,0.11618491242055795,0.10242541846386095,0.10303826059198395,0.12373125388369895,0.16698516047163192,0.2296567854766679,0.3013677486190919,0.36485535199720787,0.39912707082614984,0.3859432034487319,0.3190994014528409,0.2147145068336899,0.11937659654844794,0.11202785080739494,0.2958629702557059,0.7786793577612706,1.6434909543592493,2.9152227016424885,4.532974249220868,6.340996029043457,8.102772324144487,9.542970531516316,10.409587790326395,10.539652074891396,9.904946421274694,8.620916547010196,6.915777237909147,5.071059533526298,3.3520754765093685,1.9541305232603392,0.9663809612265337,0.2814615059059089,0.10356605124473096,0.05417070944175367,0.05365267122053768,0.05378363811641878,0.04786623051082488,0.037821878198291387,0.026877266462363988,0.0005665460826283678,0.0,0.0,0.0,0.0,0.0
229.0,0.000880457188719507,0.0884121612545184,0.274893304171251,0.496965860732055,0.675035589573996,0.75711232220168,0.739044244394202,0.660822731840378,0.579118478962156,0.534949466548021,0.537629222363102,0.572704733599132,0.618824990264343,0.657112623261118,0.676834299254551,0.678558998601394,0.6672414118487631,0.648106037909824,0.625845217304928,0.603540854394718,0.579870848547639,0.552329406027653,0.519296093642257,0.4805297452759081,0.438086702704304,0.39607838532501,0.360282020232293,0.337232295410548,0.333617702864462,0.35487780181786,0.403384036697076,0.47656012576218404,0.565630131547465,0.656069535555381,0.7300075697570169,0.7710784708232911,0.771584688949833,0.740826856534349,0.712013021590241,0.744193656602954,0.915866917622838,1.30905712591768,1.98577547020358,2.96189157064798,4.18593236008773,5.535636814456661,6.83020894709599,7.86303676645001,8.44863402445307,8.47092091558229,7.91527601269963,6.87272379663725,5.51573202017741,4.05408433247054,2.6875270393111403,1.56216954501354,0.634813431344568,0.169206990143839,0.0630294258371625,0.0012943925105256902,0.0,0.0,0.0,0.0,0.0,0.0,0.0,0.0,0.0,0.0,0.0
234.0,0.0,0.00123192698089229,0.264093885079255,0.600450401031695,0.9195507555600408,1.11078035721073,1.13782062172519,1.04844247714658,0.935005348588969,0.877845728740856,0.909068571819012,1.01566743256988,1.16278555863071,1.31119942916281,1.43177866807739,1.5152216237477902,1.5633665899515803,1.5819418804570298,1.57649551918123,1.55017391938211,1.50044735753502,1.4253857340441,1.32641121528749,1.20872086844231,1.08180224328612,0.957527300024919,0.848086561073444,0.764025244313631,0.713798561217613,0.703200047965364,0.734942505906321,0.8081273238404691,0.917789027035207,1.0550285447246,1.20708528217023,1.35827157742589,1.4929471085626203,1.60117883745821,1.6858093568135102,1.76781840537946,1.88611550886482,2.0899153903084,2.42474498338145,2.91487988954953,3.5459301638733907,4.26137400915308,4.96377810265472,5.52881370436997,5.830686244101261,5.7743681915548,5.323384596129231,4.51482396422151,3.45686438961795,2.31486472959615,1.26732351815753,0.22867457055267904,0.00213424636325025,0.0,0.0,0.0,0.0,0.0,0.0,0.0,0.0,0.0,0.0,0.0,0.0,0.0,0.0
